{"stats":{"minecraft:picked_up":{"slugterra_v:tazerling":1,"slugterra_v:ghoulinfurnes":1,"slugterra_v:fandango_energy":1,"minecraft:apple":1,"slugterra_v:basic_blaster_hoprock":1,"slugterra_v:fandango":1},"minecraft:custom":{"minecraft:time_since_rest":9734,"minecraft:sprint_one_cm":33686,"minecraft:damage_taken":590,"minecraft:walk_one_cm":57701,"minecraft:mob_kills":3,"minecraft:damage_dealt":50,"minecraft:interact_with_crafting_table":1,"minecraft:player_kills":1,"minecraft:fly_one_cm":161731,"minecraft:crouch_one_cm":1656,"minecraft:play_one_minute":43867,"minecraft:deaths":2,"minecraft:sneak_time":1200,"minecraft:jump":140,"minecraft:time_since_death":9696,"minecraft:fall_one_cm":5208},"minecraft:crafted":{"slugterra_v:basic_blaster_tazerling":1},"minecraft:killed":{"slugterra_v:fandangolive":2,"slugterra_v:darkfurnus":1},"minecraft:used":{"minecraft:glass":20,"minecraft:gray_terracotta":4,"minecraft:sea_lantern":26,"cfm:post_box":1,"cfm:oak_crate":2,"slugterra_v:grenukelive_spawn_egg":1,"slugterra_v:enigmo_spawn_egg":1,"cfm:light_blue_sofa":4,"minecraft:flint_and_steel":1,"cfm:oak_park_bench":2,"minecraft:smooth_quartz":130,"cfm:orange_kitchen_drawer":1,"cfm:orange_picket_fence":42,"cfm:light_blue_kitchen_counter":7,"cfm:orange_kitchen_sink":1,"minecraft:prismarine_slab":96,"slugterra_v:arachnet_spawn_egg":1,"cfm:orange_cooler":1,"minecraft:sand":75,"minecraft:crafting_table":1,"cfm:orange_kitchen_counter":3,"minecraft:spruce_stairs":37,"minecraft:light_blue_wool":24,"minecraft:orange_wool":24,"cfm:orange_sofa":5,"minecraft:warped_door":2,"minecraft:cave_spider_spawn_egg":1,"cfm:light_blue_kitchen_drawer":1,"slugterra_v:fandangolive_spawn_egg":2,"cfm:birch_crate":2,"minecraft:obsidian":15},"minecraft:mined":{"minecraft:fire":2,"minecraft:oak_leaves":2},"minecraft:killed_by":{"minecraft:player":1}},"DataVersion":2586}