{"stats":{"minecraft:picked_up":{"slugterra_v:ghoulinfurnes":1,"minecraft:apple":1},"minecraft:custom":{"minecraft:jump":81,"minecraft:time_since_rest":12132,"minecraft:damage_dealt":10,"minecraft:crouch_one_cm":363,"minecraft:play_one_minute":13867,"minecraft:deaths":1,"minecraft:sprint_one_cm":10040,"minecraft:damage_taken":340,"minecraft:time_since_death":12089,"minecraft:walk_one_cm":10168,"minecraft:sneak_time":468,"minecraft:mob_kills":2,"minecraft:fall_one_cm":4634,"minecraft:fly_one_cm":112969},"minecraft:killed":{"slugterra_v:fandangolive":1,"slugterra_v:darkfurnus":1},"minecraft:used":{"minecraft:sand":75,"minecraft:smooth_quartz":123},"minecraft:mined":{"minecraft:fire":2,"minecraft:oak_leaves":2}},"DataVersion":2586}