{"stats":{"minecraft:picked_up":{"slugterra_v:frost_crawlernl":2,"slugterra_v:grenuke":1,"slugterra_v:arachnetitam":1,"slugterra_v:tazerling":1,"minecraft:packed_ice":1,"slugterra_v:arachnetenergy":1,"slugterra_v:ghoulinfurnes":1,"slugterra_v:frost_crawler_energy":1,"slugterra_v:grenuke_energy":1,"slugterra_v:fandango_energy":1,"minecraft:cactus":6,"slugterra_v:dirt_urchin":1,"minecraft:rotten_flesh":1,"minecraft:apple":1,"slugterra_v:dirt_urchin_energy":1,"slugterra_v:basic_blaster_hoprock":1,"slugterra_v:fandango":1},"minecraft:custom":{"minecraft:time_since_rest":45734,"minecraft:sprint_one_cm":48604,"minecraft:damage_taken":590,"minecraft:walk_one_cm":91521,"minecraft:mob_kills":4,"minecraft:damage_dealt":250,"minecraft:interact_with_crafting_table":1,"minecraft:player_kills":1,"minecraft:fly_one_cm":307637,"minecraft:crouch_one_cm":2856,"minecraft:play_one_minute":79867,"minecraft:deaths":2,"minecraft:sneak_time":2173,"minecraft:jump":232,"minecraft:time_since_death":45696,"minecraft:fall_one_cm":5208},"minecraft:crafted":{"slugterra_v:basic_blaster_tazerling":1},"minecraft:killed":{"slugterra_v:fandangolive":2,"minecraft:zombified_piglin":1,"slugterra_v:darkfurnus":1},"minecraft:used":{"minecraft:netherite_sword":2,"minecraft:glass":20,"minecraft:gray_terracotta":4,"securitycraft:reinforced_red_concrete":39,"minecraft:sea_lantern":91,"cfm:post_box":1,"cfm:oak_crate":2,"slugterra_v:grenukelive_spawn_egg":1,"slugterra_v:enigmo_spawn_egg":1,"cfm:light_blue_sofa":4,"minecraft:flint_and_steel":1,"cfm:oak_park_bench":2,"minecraft:armor_stand":1,"cfm:gray_sofa":2,"securitycraft:reinforced_cyan_terracotta":2,"cfm:diorite_chair":2,"securitycraft:reinforced_iron_block":556,"minecraft:smooth_quartz":130,"cfm:orange_kitchen_drawer":1,"cfm:orange_picket_fence":42,"cfm:light_blue_kitchen_counter":7,"cfm:orange_kitchen_sink":1,"minecraft:prismarine_slab":96,"slugterra_v:arachnet_spawn_egg":1,"cfm:orange_cooler":1,"minecraft:sand":101,"cfm:cyan_kitchen_counter":2,"minecraft:crafting_table":1,"cfm:orange_kitchen_counter":3,"securitycraft:reinforced_glass":90,"minecraft:spruce_stairs":37,"minecraft:light_blue_wool":24,"minecraft:crimson_door":3,"minecraft:orange_wool":24,"cfm:orange_sofa":5,"minecraft:warped_door":2,"minecraft:cave_spider_spawn_egg":1,"cfm:light_blue_kitchen_drawer":1,"slugterra_v:fandangolive_spawn_egg":2,"cfm:birch_crate":2,"minecraft:obsidian":15},"minecraft:mined":{"minecraft:fire":2,"minecraft:oak_leaves":2},"minecraft:killed_by":{"minecraft:player":1}},"DataVersion":2586}