{"stats":{"minecraft:picked_up":{"minecraft:apple":1,"slugterra_v:ghoulinfurnes":1},"minecraft:custom":{"minecraft:time_since_rest":24132,"minecraft:play_one_minute":25867,"minecraft:crouch_one_cm":824,"minecraft:sprint_one_cm":18466,"minecraft:walk_one_cm":29992,"minecraft:damage_taken":340,"minecraft:deaths":1,"minecraft:sneak_time":772,"minecraft:mob_kills":2,"minecraft:jump":107,"minecraft:damage_dealt":30,"minecraft:time_since_death":24089,"minecraft:fall_one_cm":4634,"minecraft:fly_one_cm":135196},"minecraft:killed":{"slugterra_v:fandangolive":1,"slugterra_v:darkfurnus":1},"minecraft:used":{"minecraft:prismarine_slab":96,"minecraft:glass":20,"minecraft:gray_terracotta":4,"cfm:orange_cooler":1,"cfm:oak_crate":2,"minecraft:sea_lantern":26,"minecraft:sand":75,"cfm:post_box":1,"cfm:light_blue_sofa":4,"minecraft:flint_and_steel":1,"cfm:orange_kitchen_counter":3,"cfm:oak_park_bench":2,"minecraft:light_blue_wool":24,"minecraft:spruce_stairs":37,"cfm:orange_sofa":5,"minecraft:orange_wool":24,"minecraft:cave_spider_spawn_egg":1,"cfm:light_blue_kitchen_drawer":1,"cfm:orange_kitchen_drawer":1,"minecraft:smooth_quartz":130,"cfm:orange_picket_fence":42,"cfm:birch_crate":2,"cfm:light_blue_kitchen_counter":7,"cfm:orange_kitchen_sink":1,"minecraft:obsidian":15},"minecraft:mined":{"minecraft:fire":2,"minecraft:oak_leaves":2}},"DataVersion":2586}