{"stats":{"minecraft:picked_up":{"minecraft:wheat_seeds":3,"minecraft:sand":34},"minecraft:custom":{"minecraft:open_chest":1,"minecraft:time_since_rest":8331,"minecraft:play_one_minute":8331,"minecraft:sprint_one_cm":14558,"minecraft:walk_one_cm":7007,"minecraft:sneak_time":43,"minecraft:walk_under_water_one_cm":507,"minecraft:drop":3,"minecraft:jump":192,"minecraft:damage_dealt":215,"minecraft:time_since_death":8331,"minecraft:walk_on_water_one_cm":422,"minecraft:swim_one_cm":2156,"minecraft:fall_one_cm":5364,"minecraft:fly_one_cm":62227},"minecraft:dropped":{"minecraft:wheat_seeds":3},"minecraft:used":{"minecraft:apple":1,"minecraft:sand":55,"securitycraft:reinforced_iron_block":2},"minecraft:mined":{"minecraft:grass":22,"minecraft:seagrass":1,"minecraft:tall_seagrass":2,"minecraft:sand":1,"minecraft:tall_grass":7}},"DataVersion":2586}