{"stats":{"minecraft:picked_up":{"slugterra_v:frost_crawler_caplse":1,"slugterra_v:grenuke":2,"slugterra_v:darkfurnusenergy":9,"slugterra_v:hoprockenergy":7,"minecraft:andesite":2,"minecraft:wheat_seeds":2,"slugterra_v:ghoulinfurnes":10,"slugterra_v:hoprock":15,"minecraft:oak_log":4,"minecraft:oak_sapling":5,"minecraft:coal":3,"minecraft:dirt":16},"minecraft:custom":{"minecraft:time_since_rest":19226,"minecraft:play_one_minute":19226,"minecraft:crouch_one_cm":427,"minecraft:damage_taken":10,"minecraft:walk_one_cm":24578,"minecraft:sprint_one_cm":15963,"minecraft:sneak_time":604,"minecraft:walk_under_water_one_cm":2402,"minecraft:mob_kills":27,"minecraft:drop":2,"minecraft:jump":159,"minecraft:damage_dealt":265,"minecraft:leave_game":5,"minecraft:time_since_death":19226,"minecraft:walk_on_water_one_cm":2654,"minecraft:swim_one_cm":491,"minecraft:fall_one_cm":1213,"minecraft:fly_one_cm":119582},"minecraft:crafted":{"slugterra_v:basic_blaster_hoprock":1},"minecraft:killed":{"slugterra_v:hot_rock":14,"slugterra_v:grenukelive":1,"slugterra_v:darkfurnus":12},"minecraft:dropped":{"slugterra_v:frost_crawler_caplse":1,"minecraft:oak_sapling":1},"minecraft:used":{"minecraft:oak_leaves":1},"minecraft:mined":{"minecraft:oak_leaves":1}},"DataVersion":2586}