{"stats":{"minecraft:picked_up":{"slugterra_v:darkfurnusenergy":5,"slugterra_v:hoprockenergy":5,"minecraft:andesite":1,"slugterra_v:ghoulinfurnes":7,"slugterra_v:hoprock":8,"minecraft:oak_log":4,"minecraft:oak_sapling":5,"minecraft:coal":3,"minecraft:dirt":16},"minecraft:custom":{"minecraft:time_since_rest":7409,"minecraft:crouch_one_cm":209,"minecraft:play_one_minute":7409,"minecraft:sprint_one_cm":6514,"minecraft:walk_one_cm":9133,"minecraft:sneak_time":326,"minecraft:mob_kills":17,"minecraft:drop":1,"minecraft:jump":95,"minecraft:damage_dealt":165,"minecraft:leave_game":3,"minecraft:time_since_death":7409,"minecraft:fall_one_cm":209,"minecraft:fly_one_cm":38376},"minecraft:dropped":{"minecraft:oak_sapling":1},"minecraft:killed":{"slugterra_v:hot_rock":8,"slugterra_v:darkfurnus":9},"minecraft:used":{"minecraft:oak_leaves":1},"minecraft:mined":{"minecraft:oak_leaves":1}},"DataVersion":2586}