{"stats":{"minecraft:picked_up":{"slugterra_v:darkfurnusenergy":9,"slugterra_v:frost_crawler_caplse":1,"slugterra_v:grenuke":4,"slugterra_v:hoprockenergy":7,"minecraft:andesite":2,"slugterra_v:tazerling":3,"slugterra_v:ghoulinfurnes":10,"minecraft:sand":40,"minecraft:oak_log":4,"minecraft:dirt":16,"minecraft:string":1,"minecraft:spider_eye":1,"slugterra_v:grenuke_energy":2,"slugterra_v:tazerlingenrgy":1,"minecraft:wheat_seeds":2,"slugterra_v:hoprock":15,"minecraft:oak_sapling":5,"minecraft:coal":3},"minecraft:custom":{"minecraft:time_since_rest":4716,"minecraft:damage_taken":460,"minecraft:sprint_one_cm":31902,"minecraft:walk_one_cm":50824,"minecraft:mob_kills":32,"minecraft:drop":4,"minecraft:damage_dealt":415,"minecraft:swim_one_cm":491,"minecraft:fly_one_cm":162381,"minecraft:player_kills":1,"minecraft:play_one_minute":33771,"minecraft:crouch_one_cm":665,"minecraft:deaths":1,"minecraft:sneak_time":756,"minecraft:walk_under_water_one_cm":2498,"minecraft:jump":356,"minecraft:leave_game":12,"minecraft:walk_on_water_one_cm":3239,"minecraft:time_since_death":4679,"minecraft:fall_one_cm":5012},"minecraft:crafted":{"slugterra_v:basic_blaster_hoprock":1},"minecraft:killed":{"slugterra_v:tazerlinglive":3,"minecraft:cave_spider":1,"slugterra_v:hot_rock":14,"slugterra_v:grenukelive":2,"slugterra_v:darkfurnus":12},"minecraft:dropped":{"slugterra_v:frost_crawler_caplse":1,"slugterra_v:basic_blaster_hoprock":1,"slugterra_v:tazerling":1,"minecraft:oak_sapling":1},"minecraft:used":{"minecraft:oak_leaves":1,"minecraft:sand":27,"minecraft:cooked_porkchop":3},"minecraft:mined":{"minecraft:sand":4,"minecraft:oak_leaves":1},"minecraft:killed_by":{"minecraft:player":1}},"DataVersion":2586}